timestamp,ticker,recommendation,explanation,latency_ms
2025-07-05T20:48:12.700417,MSFT,BUY,"Investment: Microsoft (MSFT)
Action: Buy
Rationale: The 50-day Simple Moving Average (SMA) is above ...",2701
2025-07-05T21:13:06.419952,MSFT,BUY,"Invest in Microsoft (MSFT)! The 50-day Simple Moving Average (SMA) is above the 200-day SMA, suggest...",2749
2025-07-06T07:26:37.145704,MSFT,BUY,"Ticker: MSFT (Microsoft)
Action: Buy
Rationale: Three signals suggest a positive outlook for Microso...",2443
2025-07-06T07:26:53.952890,GOOG,BUY,"Investment: GOOG (Google's parent company Alphabet Inc.)
Action: Buy
Rationale: Three key indicators...",1735
2025-07-06T19:50:51.845211,MSFT,BUY,"Investment: MSFT (Microsoft)
Action: Buy
Rationale: 1 out of 6 technical indicators suggests a poten...",2830
2025-07-06T19:51:07.507519,GOOG,BUY,Invest in GOOG (Google). Our analysis shows 2 out of 6 indicators suggest a buy opportunity. This co...,1136
2025-07-06T20:13:08.399217,MSFT,BUY,"Ticker: MSFT (Microsoft)
Action: Buy
Rationale: 1 out of 6 signals suggest this is a good time to in...",1207
2025-07-06T20:36:02.183908,GOOG,BUY,Invest in GOOG (Google's parent company Alphabet)! Our analysis shows a Buy signal based on 2 out of...,2954
2025-07-06T20:36:20.428293,GOOG,BUY,"""Invest in Google (GOOG)! Our analysis suggests a BUY. Two key indicators are positive, signaling gr...",832
2025-07-06T20:36:29.011347,GOOG,BUY,"Investment Tip: Buy GOOG (Google) on July 3rd, 2025. Two key indicators suggest a good buying opport...",799
2025-07-06T20:37:57.577145,GOOG,BUY,Invest in GOOG (Alphabet Inc.)! Our analysis shows a strong BUY signal based on 2 out of 6 indicator...,934
2025-07-06T20:45:35.493416,AAPL,BUY,"Ticker: AAPL (Apple Inc.)
Action: Buy
Rationale: Two key indicators suggest a positive outlook for A...",3376
2025-07-06T21:19:03.465525,AAPL,BUY,Investment Recommendation: AAPL (Apple Inc.) - BUY! Two out of six signals suggest a promising oppor...,3074
2025-07-06T21:19:26.826417,AAPL,BUY,Invest in Apple (AAPL)! Two key indicators suggest a good buy opportunity. Don't miss the chance to ...,895
2025-07-06T21:19:39.146449,AAPL,BUY,"Investment Alert: AAPL (Apple Inc.), Buy Recommendation! Our analysis shows 2 out of 6 indicators po...",964
2025-07-06T21:19:47.539233,NVDA,BUY,"""Invest in NVDA (NVIDIA), as our analysis suggests a BUY! Out of six indicators, two are signaling a...",1036
2025-07-06T21:20:16.835504,MSFT,BUY,"Ticker: MSFT (Microsoft)
Action: Buy
Rationale: Six indicators suggest buy, one is strong. This tech...",999
2025-07-06T21:23:14.566039,MSFT,BUY,"Investment: Microsoft (MSFT)
Action: Buy
Signal: 1 out of 6 indicators suggest a buy.
Date: July 3rd...",1160
2025-07-06T21:25:42.433318,AAPL,BUY,"""Invest in Apple (AAPL)! Our system shows a strong buy signal based on 2 out of 6 indicators. This t...",1106
2025-07-06T21:29:23.738416,AMZN,BUY,"Investment Tip for July 3rd, 2025: Buy Amazon (AMZN). Our system shows 1 out of 6 signals pointing t...",1403
2025-07-06T21:29:59.161156,AAPL,BUY,"Investment Alert: AAPL (Apple Inc), Buy Recommendation. Two out of six technical indicators suggest ...",1115
2025-07-06T21:32:19.526709,MSFT,BUY,"Investment Ticker: MSFT
Action: BUY
Rationale: 1 out of 6 indicators signal a potential increase, su...",1015
2025-07-06T21:33:47.403171,AAPL,BUY,"""Invest alert! Buy Apple (AAPL) stocks on July 3rd, 2025. Our analysis shows a 'Buy' recommendation ...",1156
2025-07-06T21:33:54.455259,MSFT,BUY,"Investment: MSFT (Microsoft)
Action: Buy
Rationale: 1 out of 6 indicators suggest a buy opportunity....",985
2025-07-06T21:33:58.630272,GOOGL,BUY,Invest in GOOGL (Google)! Our analysis indicates a 2 out of 6 buy signals. This tech giant continues...,1306
2025-07-06T21:34:12.075406,AAPL,BUY,"Investment Alert: AAPL (Apple), July 3rd, 2025. Two out of six signals suggest a BUY! With its innov...",920
2025-07-06T21:34:36.253854,AAPL,BUY,"Ticker: AAPL
Action: Buy
Rationale: Two key indicators suggest a positive outlook for Apple stock. I...",834
2025-07-06T21:34:43.717618,GOOGL,BUY,"Investment Recommendation: Buy GOOGL shares on July 3rd, 2025. Two out of six technical and fundamen...",1080
2025-07-06T21:35:07.464277,AAPL,BUY,Invest in Apple (AAPL)! Our analysis shows a strong BUY signal with 2 out of 6 indicators pointing t...,1056
2025-07-06T21:35:10.232272,MSFT,BUY,"Investment Alert: MSFT (Microsoft). Our system suggests a BUY on July 3rd, 2025. Out of our six indi...",858
2025-07-06T21:35:12.872470,GOOGL,BUY,"Invest in GOOGL (Google)! Two out of six signals suggest a BUY, pointing towards a promising investm...",968
2025-07-06T21:35:38.433739,AAPL,BUY,"Ticker: AAPL (Apple Inc.)
Action: Buy
Rationale: Our analysis indicates a positive trend with 2 out ...",1534
2025-07-06T21:35:45.958037,MSFT,BUY,"Ticker: MSFT (Microsoft)
Recommendation: Buy
Reason: 1 out of 6 signals suggest a buying opportunity...",924
2025-07-06T21:35:52.201490,GOOGL,BUY,"Invest in GOOGL (Google), mate! Two out of six indicators suggest it's a good buy. Don't miss out on...",1043
2025-07-06T21:35:55.433999,AMZN,BUY,"Invest in Amazon (AMZN), 3rd July 2025! Our system shows 1 out of 6 buy signals. With its dominant m...",948
2025-07-06T21:35:58.967005,META,BUY,"Investment: META (Meta Platforms Inc.)
Action: Buy
Rationale: Six technical analysis indicators sugg...",1324
2025-07-06T21:36:03.889981,NVDA,BUY,"Investment Ticker: NVDA
Recommendation: Buy now!
Reason: Two key indicators suggest a strong buy opp...",1070
2025-07-06T21:36:07.232636,INTC,BUY,"Investment: INTC (Intel)
Action: Buy
Reason: Two key signals suggest a strong buy opportunity on 202...",991
2025-07-06T21:36:20.052065,AMD,BUY,"Investment: AMD (Advanced Micro Devices)
Action: Buy
Rationale: Our system suggests a buy opportunit...",1300
2025-07-06T21:36:26.884543,MRVL,HOLD,"Ticker: MRVL
Advice: Hold
Explanation: Current signals don't suggest a buy opportunity for Marvell T...",942
2025-07-06T21:36:35.847996,AVGO,BUY,"""Invest in AVGO (July 3rd, 2025). Two out of six indicators suggest a good buy opportunity. This tel...",1024
2025-07-06T21:36:42.820927,ANET,BUY,"Ticker: ANET
Action: Buy
Rationale: One out of six indicators suggest a buy opportunity.
Date: July ...",1324
2025-07-06T21:36:50.514329,TSLA,BUY,"Investment: TSLA (Tesla Inc.)
Action: BUY
Rationale: Based on our analysis, 1 out of 6 indicators su...",1422
2025-07-06T21:36:58.379793,TSM,BUY,Invest in TSM (TSM)! Our analysis shows a strong BUY signal based on 2 out of 6 indicators. This tec...,1234
2025-07-06T21:38:13.969802,AAPL,BUY,"Investment: AAPL (Apple Inc.)
Action: BUY
Reason: Two key signals suggest this could be a profitable...",1613
2025-07-06T21:46:05.917619,AAPL,BUY,"Invest in AAPL (Apple) on July 3rd, 2025! Two out of six indicators suggest a Buy opportunity. This ...",3014
2025-07-06T21:46:16.896923,AAPL,BUY,"Investment: AAPL (Apple Inc.)
Action: Buy
Rationale: Two out of six indicators suggest a positive ou...",939
2025-07-06T21:50:05.859547,AAPL,BUY,"Ticker: AAPL
Action: Buy
Rationale: Two out of six indicators suggest a promising investment opportu...",1628
2025-07-06T21:51:00.061571,AAPL,BUY,Invest in Apple (AAPL)! Our system shows 2 out of 6 indicators suggesting a BUY. With its strong bra...,1129
2025-07-06T21:53:37.279989,AAPL,BUY,"Ticker: AAPL
Action: Buy
Rationale: 2 out of 6 indicators suggest a positive outlook. Potential prof...",1276
2025-07-06T21:58:44.918532,AAPL,BUY,Invest in AAPL (Apple Inc.)! Our analysis shows a Buy signal based on 2 out of 6 indicators. This te...,2970
2025-07-06T22:01:52.192666,AAPL,BUY,Invest in AAPL (Apple)! Our system shows 2 out of 6 indicators suggest it's a good time to buy on Ju...,1201
2025-07-06T22:02:10.840628,MSFT,BUY,Invest in Microsoft (MSFT)! Our analysis suggests a 'BUY' signal based on one of our six indicators....,1604
2025-07-06T22:05:26.410393,MSFT,BUY,"Investment: Microsoft (MSFT)
Action: Buy
Rationale: One out of six indicators suggest a good buy opp...",1557
2025-07-06T22:06:15.453914,NVDA,BUY,"Ticker: NVDA (NVIDIA)
Action: BUY
Rationale: Based on our analysis, 2 out of 6 signals suggest it's ...",1508
2025-07-06T22:06:32.488362,INTC,BUY,"Investment: INTC (Intel Corporation)
Action: Buy
Rationale: Two of our six analysis indicators sugge...",1263
2025-07-06T22:06:36.241661,ANET,BUY,Invest in Anet (Ticker: ANET)! Our analysis suggests a Buy signal based on 1 out of 6 indicators. Th...,1246
2025-07-06T22:24:20.542896,AAPL,BUY,"Investment Recommendation: AAPL (Apple Inc.), BUY. Our analysis shows 2 out of 6 indicators suggest ...",3169
2025-07-06T22:24:35.550895,INTC,BUY,"Investment: INTC (Intel)
Action: Buy
Rationale: Two key signals suggest it's a good time to invest, ...",801
2025-07-06T22:24:52.448267,AAPL,BUY,Invest in Apple (AAPL)! Our analysis shows a strong BUY signal with 2 out of 6 indicators pointing t...,1004
2025-07-06T22:27:01.452159,AAPL,BUY,"Ticker: AAPL (Apple Inc.)
Action: Buy
Rationale: Based on our analysis, 2 out of 6 investment signal...",1040
2025-07-06T22:30:45.046672,AAPL,BUY,Investment Tip: Buy AAPL (Apple Inc.) shares on 2025-07-03. Our analysis indicates a positive outloo...,1259
2025-07-06T22:38:48.320552,AAPL,BUY,"**Summary:** Maintain a HOLD position on AAPL, as two key signals suggest stability.
**Reason:** Str...",3286
2025-07-06T22:43:40.831998,AAPL,BUY,"**Summary:** Consider buying AAPL stocks.

**Reason:** Two out of six investment signals suggest a p...",1227
2025-07-06T22:44:52.321280,AAPL,BUY,1️⃣ Summary: We recommend buying AAPL (Apple Inc.) shares due to a positive outlook based on two key...,2101
2025-07-06T22:47:33.420722,AAPL,BUY,"**Summary:** I recommend buying AAPL shares.

**Reason:** Our analysis shows two strong signals indi...",3173
2025-07-06T22:48:22.992718,MSFT,BUY,"**Summary:** Buy MSFT now!

**Reason:** We're recommending buying Microsoft (MSFT) due to a positive...",3275
2025-07-06T22:48:41.113177,MSFT,BUY,"**Summary:** Buy MSFT now.

**Reason:** We recommend buying Microsoft (MSFT) because the Moving Aver...",2257
2025-07-06T22:52:44.943342,AAPL,BUY,"1️⃣ Summary: We recommend BUYing AAPL (Apple Inc.) shares right now.

2️⃣ Reason:
    - Paragraph 1:...",5228
2025-07-06T22:55:48.077912,AAPL,BUY,"1️⃣ **Summary:** We recommend buying AAPL (Apple Inc.) shares right now.

2️⃣ **Reason:**
   - **Par...",6063
2025-07-06T22:58:57.678125,AAPL,BUY,"1️⃣ Summary: We recommend buying AAPL shares now.

2️⃣ Reason: Our analysis shows some encouraging s...",3750
2025-07-06T22:59:47.444317,MSFT,BUY,"1️⃣ **Summary:** We recommend buying MSFT stocks based on our analysis.

2️⃣ **Reason:** Our investm...",4212
2025-07-06T23:02:56.378554,AAPL,BUY,"1️⃣ Summary: We recommend buying AAPL shares based on our technical analysis.

2️⃣ Reason: Our analy...",4161
2025-07-06T23:03:24.717505,MSFT,BUY,"1️⃣ Summary: Consider buying MSFT stocks due to positive technical indicators.

2️⃣ Reason: Our anal...",5488
2025-07-06T23:16:54.261612,AAPL,BUY,"1️⃣ Summary: Consider buying AAPL shares based on our analysis.

2️⃣ Reason: Our technical analysis ...",5626
2025-07-06T23:17:37.871139,AMZN,BUY,"1️⃣ **Summary:** Consider buying Amazon (AMZN) stocks now.

2️⃣ **Reason:** Our analysis shows sever...",3582
2025-07-06T23:18:32.955327,AAPL,BUY,"1️⃣ **Summary:** Consider buying AAPL (Apple Inc.) stocks based on our technical analysis.

2️⃣ **Re...",4732
2025-07-06T23:20:45.219128,AAPL,BUY,"**Summary:** It's a good time to consider buying AAPL (Apple Inc.) shares.

**Reason:** Our analysis...",3924
2025-07-06T23:32:22.117569,AAPL,BUY,"**Summary:** I recommend buying AAPL (Apple Inc.) shares.

**Reason:** Our technical analysis signal...",5034
2025-07-06T23:34:33.886800,MSFT,HOLD,"Summary: Hold onto your MSFT shares for now.

Reason: The relative strength index (RSI) and moving a...",2988
2025-07-06T23:34:47.388983,INTC,BUY,"**Summary:** Consider purchasing INTC based on our analysis.

**Reason:** Our technical analysis sho...",3969
2025-07-06T23:36:40.259282,AMD,HOLD,"**Summary:** Hold onto AMD for now.

**Reason:** Our analysis indicates a stable outlook for AMD. Th...",3115
2025-07-06T23:38:30.666989,META,HOLD,"**Summary:** Hold onto META for now.

**Reason:** Our analysis has a few positive signals. The Simpl...",3564
2025-07-06T23:38:46.919924,INTC,BUY,"**Summary:** Consider buying INTC now.

**Reason:** After careful analysis of several indicators, we...",3621
2025-07-06T23:39:03.767519,AMD,HOLD,"**Summary:**
Hold onto AMD for now.

**Reason:**
We've analysed several indicators to assess AMD's p...",3939
2025-07-06T23:40:52.503413,NVDA,HOLD,"**Summary:** I suggest you HOLD NVDA stocks for now.

**Reason:** Here's a breakdown of our analysis...",4786
2025-07-06T23:42:46.569890,INTC,BUY,"Summary:
Consider buying INTC shares now.

Reason:
The signals from our technical analysis are posit...",3645
2025-07-06T23:43:03.884752,TSM,HOLD,"**Summary:** Hold onto TSM for now.

**Reason:** Let's break it down. The SMA (Simple Moving Average...",3864
2025-07-06T23:43:19.267578,AMZN,HOLD,"**Summary:** Hold onto your Amazon (AMZN) stocks for now.

**Reason:** After carefully analysing var...",3478
2025-07-06T23:43:36.429319,AAPL,HOLD,"**Summary:** Hold onto AAPL for now.

**Reason:** Our analysis tool, which looks at various signals ...",3586
2025-07-06T23:48:27.300105,AAPL,HOLD,"**Summary:** Hold onto your AAPL stocks for now.

**Reason:** The indicators we've been watching hav...",3186
2025-07-06T23:48:56.618540,NVDA,HOLD,"**Summary:** Hold onto NVDA for now.

**Reason:** Our analysis uses a mix of technical indicators li...",3786
2025-07-07T00:03:15.491577,AAPL,HOLD,"**Summary:** Hold onto your AAPL shares for now.

**Reason:** After analysing several signals, we fo...",5120
2025-07-12T13:21:44.585618,AAPL,HOLD,"**Summary:** Hold onto AAPL stocks for now.

**Reason:** The signals from our analysis indicate a ne...",9612
2025-07-12T13:22:51.149038,GOOGL,HOLD,"**Summary:** Hold onto your GOOGL stocks for now.

**Reason:** Let me break it down for you. We've b...",3697
